{"cameraMode":{"drawMode":0,"name":"Shaded","section":"Shading Mode"},"sceneLighting":true,"audioPlay":false,"sceneViewState":{"m_AlwaysRefresh":false,"showFog":true,"showSkybox":true,"showFlares":true,"showImageEffects":true,"showParticleSystems":true,"showVisualEffectGraphs":true,"m_FxEnabled":true},"in2DMode":false,"pivot":{"x":-0.03353244438767433,"y":0.9743422865867615,"z":-0.021917417645454408},"rotation":{"x":-0.04120366647839546,"y":0.7285206317901611,"z":-0.0439898818731308,"w":-0.6823682188987732},"size":0.33619174361228945,"orthographic":false}